{
	"version": 1,
	"changelists": [
		{
			"guid": "00000000000000000000000000000000",
			"description": "Default Uncontrolled Changelist",
			"files": [
				"/Users/li/Downloads/InfiniteMatrixStarter/Content/InfiniteMatrix/Blueprints/BP_Player.uasset",
				"/Users/li/Downloads/InfiniteMatrixStarter/Content/InfiniteMatrix/Blueprints/BP_TunnelSpawner.uasset",
				"/Users/li/Downloads/InfiniteMatrixStarter/Content/InfiniteMatrix/Blueprints/BP_Tunnel.uasset",
				"/Users/li/Downloads/InfiniteMatrixStarter/Content/InfiniteMatrix/Maps/TutorialMap.umap",
				"/Users/li/Downloads/InfiniteMatrixStarter/Content/InfiniteMatrix/UI/WBP_Restart.uasset",
				"/Users/li/Downloads/InfiniteMatrixStarter/Content/InfiniteMatrix/UI/WBP_Score.uasset",
				"/Users/li/Downloads/InfiniteMatrixStarter/Content/InfiniteMatrix/Blueprints/BP_Healthpack.uasset",
				"/Users/li/Downloads/InfiniteMatrixStarter/Content/InfiniteMatrix/Blueprints/Healthpack.uasset",
				"/Users/li/Downloads/InfiniteMatrixStarter/Content/InfiniteMatrix/Blueprints/BP_SpawnHealth.uasset",
				"/Users/li/Downloads/InfiniteMatrixStarter/Content/InfiniteMatrix/Blueprints/BP_Enemy.uasset",
				"/Users/li/Downloads/InfiniteMatrixStarter/Content/InfiniteMatrix/Blueprints/Enemy.uasset",
				"/Users/li/Downloads/InfiniteMatrixStarter/Content/InfiniteMatrix/healthUp.uasset",
				"/Users/li/Downloads/InfiniteMatrixStarter/Content/InfiniteMatrix/Ouch.uasset",
				"/Users/li/Downloads/InfiniteMatrixStarter/Content/InfiniteMatrix/Blueprints/NewMaterial.uasset",
				"/Users/li/Downloads/InfiniteMatrixStarter/Content/InfiniteMatrix/Blueprints/BP_Projectile.uasset",
				"/Users/li/Downloads/InfiniteMatrixStarter/Content/InfiniteMatrix/laser.uasset",
				"/Users/li/Downloads/InfiniteMatrixStarter/Content/InfiniteMatrix/ping.uasset",
				"/Users/li/Downloads/InfiniteMatrixStarter/Content/InfiniteMatrix/UI/tryagain.uasset",
				"/Users/li/Downloads/InfiniteMatrixStarter/Content/InfiniteMatrix/fruit4_copy.uasset",
				"/Users/li/Downloads/InfiniteMatrixStarter/Content/InfiniteMatrix/Blueprints/NewMaterial.uasset",
				"/Users/li/Downloads/InfiniteMatrixStarter/Content/InfiniteMatrix/OuchCopy.uasset",
				"/Users/li/Downloads/InfiniteMatrixStarter/Content/InfiniteMatrix/Ouc.uasset",
				"/Users/li/Downloads/InfiniteMatrixStarter/Content/InfiniteMatrix/Blueprints/BP_Tunnel1.uasset",
				"/Users/li/Downloads/InfiniteMatrixStarter/Content/InfiniteMatrix/Blueprints/BP_Tunnel2.uasset",
				"/Users/li/Downloads/InfiniteMatrixStarter/Content/InfiniteMatrix/Blueprints/BP_Tunnel3.uasset",
				"/Users/li/Downloads/InfiniteMatrixStarter/Content/InfiniteMatrix/Blueprints/BP_Tunnel4.uasset",
				"/Users/li/Downloads/InfiniteMatrixStarter/Content/InfiniteMatrix/Blueprints/BP_Tunnel5.uasset"
			]
		}
	]
}